"订单号";"发货号码";"正在处理中";"发运日期";"状态";"配送日期";"实际转移配送日期";"发货的金额";"货件的货币代码";"商品名称";"SKU";"货号";"二次包装";"加装封条";"您的价格";"商品的货币代码";"已由买家支付";"买家货币代码";"数量";"运费";"关联货件";"商品认购";"商品打折前的价格";"折扣 %";"折扣，卢布";"促销活动";"商品的体积重量，公斤"
"40826779-0289";"40826779-0289-1";"2026-08-17 03:07:53";"2026-08-17 16:30:00";"运输中";;"2026-08-17 16:30:31";"180.33";"USD";"Новый Garmin Forerunner 165 Black";"1971827174";"WGMF165K46BL";"不";"不";"180.33";"USD";"16481.00";"RUB";"1";;;;"180.33";"0%";"0.00";;"0.2"
"0157106096-0028";"0157106096-0028-1";"2026-08-17 00:43:47";"2026-08-17 08:30:00";"已签收";"2026-08-18 13:54:52";"2026-08-17 10:08:31";"23.77";"USD";"Новый HONOR CHOICE Earbuds X7 Pro Grey";"4633712503";"EHEX7PREGR";"不";"不";"23.77";"USD";"2340.95";"RUB";"1";;;;"23.77";"0%";"0.00";;"1.2"
"16929148-0656";"16929148-0656-1";"2026-08-16 14:58:00";"2026-08-17 12:30:00";"已签收";"2026-08-18 16:36:08";"2026-08-17 11:41:00";"41.80";"USD";"Новый realme Buds Clip Gold";"3035719507";"ERBCLIPGGD";"不";"不";"41.80";"USD";"4095.73";"RUB";"1";;;;"41.80";"0%";"0.00";;"0.2"
"93687557-0053";"93687557-0053-1";"2026-08-16 12:42:30";"2026-08-17 08:30:00";"运输中";;"2026-08-17 08:52:57";"475.43";"USD";"Новый CN OnePlus 15T 12/256GB Black";"4204096769";"MO15T5GCU12256BL";"不";"不";"475.43";"USD";"43858.00";"RUB";"1";;;;"475.43";"0%";"0.00";;"0.6"
"47505439-0041";"47505439-0041-1";"2026-08-14 13:48:11";"2026-08-15 02:30:00";"运输中";;"2026-08-15 03:27:59";"41.80";"USD";"Новый realme Buds Clip Gold";"3035719507";"ERBCLIPGGD";"不";"不";"41.80";"USD";"4055.24";"RUB";"1";;;;"41.80";"0%";"0.00";;"0.2"
"92992484-0079";"92992484-0079-1";"2026-08-13 17:07:58";"2026-08-14 15:00:00";"已签收";"2026-08-17 15:10:37";"2026-08-14 13:30:42";"65.58";"USD";"Новый Amazfit Active Black";"5054643060";"WAATGBL";"不";"不";"65.58";"USD";"5656.00";"RUB";"1";;;;"65.58";"0%";"0.00";;"0.2"
"0111006419-0031";"0111006419-0031-2";"2026-08-13 17:04:30";"2026-08-14 10:30:00";"已签收";"2026-08-17 12:27:52";"2026-08-14 06:01:44";"262.30";"USD";"Новый realme Pad 3 8/256GB Grey";"4276994184";"DRPD3WFGU8256GR";"不";"不";"262.30";"USD";"24294.00";"RUB";"1";;;;"262.30";"0%";"0.00";;"0.8"
"60900147-0013";"60900147-0013-1";"2026-08-13 10:19:01";"2026-08-13 17:00:00";"已签收";"2026-08-14 18:21:26";"2026-08-14 00:37:29";"59.92";"USD";"Новый realme Buds Air8 Pro Black";"3573978810";"ERBAIR8PEBL";"不";"不";"59.92";"USD";"4964.00";"RUB";"1";;;;"59.92";"0%";"0.00";;"0.2"
"92992484-0078";"92992484-0078-1";"2026-08-13 08:36:44";"2026-08-14 10:00:00";"已取消";;"2026-08-14 05:07:21";"65.58";"USD";"Новый Amazfit Active Pink";"5054642580";"WAATGPK";"不";"不";"65.58";"USD";"5656.00";"RUB";"1";;;;"65.58";"0%";"0.00";;"0.2"
"35163029-1441";"35163029-1441-1";"2026-08-09 12:47:23";"2026-08-09 20:00:00";"运输中";;"2026-08-09 22:56:30";"243.45";"USD";"Новый CN Garmin Forerunner 265 Black";"1936515175";"WGMFR265C46BL";"不";"不";"243.45";"USD";"21701.00";"RUB";"1";;;;"243.45";"0%";"0.00";;"0.3"
"38797658-2041";"38797658-2041-1";"2026-08-07 13:59:11";"2026-08-08 14:30:00";"已签收";"2026-08-16 07:08:11";"2026-08-08 14:00:30";"59.84";"USD";"Новый realme Watch S5 Grey";"4015703689";"WRWAHS5EGR";"不";"不";"59.84";"USD";"5036.00";"RUB";"1";;;;"59.84";"0%";"0.00";;"0.2"
"52148175-0376";"52148175-0376-2";"2026-08-06 08:46:42";;"已签收";"2026-08-12 08:07:27";"2026-08-06 15:20:46";"244.27";"USD";"Новый Garmin Vivoactive 6 Black";"2442077136";"WGMVVAT6KBL";"不";"不";"244.27";"USD";"21370.08";"RUB";"1";;;;"244.27";"0%";"0.00";;"1.2"
"49753528-0116";"49753528-0116-1";"2026-08-06 07:50:00";"2026-08-06 21:00:00";"已签收";"2026-08-12 12:48:52";"2026-08-06 19:09:11";"41.80";"USD";"Новый realme Buds Clip Gold";"3035719507";"ERBCLIPGGD";"不";"不";"41.80";"USD";"3833.49";"RUB";"1";;;;"41.80";"0%";"0.00";;"0.2"
"0125514551-0062";"0125514551-0062-1";"2026-08-02 04:13:02";"2026-08-02 17:00:00";"已取消";;"2026-08-02 11:14:13";"36.07";"USD";"Новый HONOR CHOICE Watch 2 Pro Black";"4868560221";"WHCW2PGBL";"不";"不";"36.07";"USD";"3284.95";"RUB";"1";;;;"36.07";"0%";"0.00";;"0.2"
"45697344-0209";"45697344-0209-1";"2026-08-01 08:00:38";"2026-08-02 02:00:00";"已签收";"2026-08-04 17:09:15";"2026-08-02 03:12:26";"286.90";"USD";"Новый realme Pad 3 5G 8/256GB Grey";"4272301876";"DRPD35GGE8256GR";"不";"不";"286.90";"USD";"24488.00";"RUB";"1";;;;"286.90";"0%";"0.00";;"0.8"
"0185242531-0016";"0185242531-0016-1";"2026-07-31 11:55:09";"2026-08-01 12:30:00";"已签收";"2026-08-10 14:14:37";"2026-07-31 19:44:48";"9.34";"USD";"Новый HONOR CHOICE Earbuds X7i White";"4607355094";"EHEX7IEWH";"不";"不";"9.34";"USD";"870.48";"RUB";"1";;;;"9.34";"0%";"0.00";;"1.2"
"43136166-0166";"43136166-0166-1";"2026-07-31 11:47:50";"2026-08-01 06:30:00";"已签收";"2026-08-04 13:45:53";"2026-08-01 06:35:25";"8.93";"USD";"Новый HONOR CHOICE Earbuds X7 Play White";"4634388090";"EHEX7PLEWH";"不";"不";"8.93";"USD";"832.38";"RUB";"1";;;;"8.93";"0%";"0.00";;"1.2"
"49880542-0083";"49880542-0083-1";"2026-07-31 10:31:12";"2026-08-01 13:00:00";"已签收";"2026-08-03 08:34:00";"2026-07-31 17:57:56";"41.80";"USD";"Новый realme Buds Clip Gold";"3035719507";"ERBCLIPGGD";"不";"不";"41.80";"USD";"3754.25";"RUB";"1";;;;"41.80";"0%";"0.00";;"0.2"
"37625683-0600";"37625683-0600-1";"2026-07-26 11:37:06";"2026-07-26 16:30:00";"已签收";"2026-07-31 15:18:46";"2026-07-27 00:42:42";"249.84";"USD";"Новый CN Garmin Forerunner 265 Black";"1936515175";"WGMFR265C46BL";"不";"不";"249.84";"USD";"20785.00";"RUB";"1";;;;"249.84";"0%";"0.00";;"0.3"
"16609963-0115";"16609963-0115-1";"2026-07-25 07:31:54";"2026-07-25 14:30:00";"已签收";"2026-07-28 16:22:21";"2026-07-25 13:31:52";"14.92";"USD";"Новый HONOR CHOICE Earbuds X8 Black";"4606445118";"EHEX8EBL";"不";"不";"14.92";"USD";"1358.10";"RUB";"1";;;;"14.92";"0%";"0.00";;"1.2"
"45201218-0118";"45201218-0118-1";"2026-07-23 08:05:23";"2026-07-23 15:00:00";"已签收";"2026-07-27 12:21:53";"2026-07-23 16:47:19";"59.92";"USD";"Новый realme Buds Air8 Pro White";"3573961955";"ERBAIR8PEWH";"不";"不";"59.92";"USD";"4749.52";"RUB";"1";;;;"59.92";"0%";"0.00";;"0.2"
"82374948-0178";"82374948-0178-1";"2026-07-23 02:58:52";"2026-07-23 15:00:00";"已签收";"2026-08-03 01:20:50";"2026-07-23 14:55:51";"59.92";"USD";"Новый realme Buds Air8 Pro White";"3573961955";"ERBAIR8PEWH";"不";"不";"59.92";"USD";"4745.00";"RUB";"1";;;;"59.92";"0%";"0.00";;"0.2"
"06415887-0262";"06415887-0262-1";"2026-07-22 21:38:09";"2026-07-23 17:00:00";"已签收";"2026-08-04 14:15:06";"2026-07-23 08:57:13";"200.83";"USD";"Новый HUAWEI Watch FIT 5 Pro Black";"4448902531";"WWFIT5PGBL";"不";"不";"200.83";"USD";"16948.00";"RUB";"1";;;;"200.83";"0%";"0.00";;"0.3"
"68760227-0295";"68760227-0295-1";"2026-07-19 06:43:37";"2026-07-19 12:30:00";"已签收";"2026-07-27 05:33:26";"2026-07-19 13:17:23";"14.92";"USD";"Новый HONOR CHOICE Earbuds X8 Black";"4606445118";"EHEX8EBL";"不";"不";"14.92";"USD";"1436.19";"RUB";"1";;;;"14.92";"0%";"0.00";;"1.2"
"0151422739-0176";"0151422739-0176-1";"2026-07-16 20:42:27";"2026-07-17 02:00:00";"已签收";"2026-07-18 11:52:24";"2026-07-17 01:01:35";"296.73";"USD";"Новый realme P3 Ultra 12/256GB Blue";"2209366918";"MRP3U5GRE12256BU";"不";"不";"296.73";"USD";"24851.00";"RUB";"1";;;;"296.73";"0%";"0.00";;"0.5"
"96695753-0417";"96695753-0417-1";"2026-07-16 09:57:51";"2026-07-17 02:30:00";"已签收";"2026-07-19 14:20:53";"2026-07-17 03:21:58";"117.22";"USD";"Новый realme C71 8/256GB White";"2090915889";"MRC714GRE8256WH";"不";"不";"117.22";"USD";"10954.00";"RUB";"1";;;;"117.22";"0%";"0.00";;"0.5"
"31766674-0113";"31766674-0113-1";"2026-07-15 21:11:13";"2026-07-16 04:30:00";"已取消";;"2026-07-16 03:53:59";"249.84";"USD";"Новый CN Garmin Forerunner 265 Black";"1936515175";"WGMFR265C46BL";"不";"不";"249.84";"USD";"21123.00";"RUB";"1";;;;"249.84";"0%";"0.00";;"0.3"
"51568244-0247";"51568244-0247-1";"2026-07-15 08:45:09";"2026-07-16 04:30:00";"已签收";"2026-07-19 06:06:42";"2026-07-15 21:53:45";"249.84";"USD";"Новый CN Garmin Forerunner 265 Black";"1936515175";"WGMFR265C46BL";"不";"不";"249.84";"USD";"20996.00";"RUB";"1";;;;"249.84";"0%";"0.00";;"0.3"
"56049385-0265";"56049385-0265-1";"2026-07-15 06:05:42";"2026-07-16 10:00:00";"已签收";"2026-07-20 11:10:51";"2026-07-16 09:28:45";"59.84";"USD";"Новый realme Watch S5 Grey";"4015703689";"WRWAHS5EGR";"不";"不";"59.84";"USD";"4807.60";"RUB";"1";;;;"59.84";"0%";"0.00";;"0.2"
"57060202-0128";"57060202-0128-1";"2026-07-14 19:38:56";"2026-07-15 08:00:00";"已签收";"2026-07-20 07:42:55";"2026-07-15 08:16:09";"244.27";"USD";"Новый Garmin Vivoactive 6 Black";"2442077136";"WGMVVAT6KBL";"不";"不";"244.27";"USD";"21011.00";"RUB";"1";;;;"244.27";"0%";"0.00";;"1.2"
"49607554-0046";"49607554-0046-1";"2026-07-13 20:09:38";"2026-07-14 03:00:00";"已签收";"2026-07-18 10:32:23";"2026-07-14 03:35:43";"41.80";"USD";"Новый realme Buds Clip Black";"3035719193";"ERBCLIPGBL";"不";"不";"41.80";"USD";"3612.32";"RUB";"1";;;;"41.80";"0%";"0.00";;"0.2"
"78977276-0596";"78977276-0596-1";"2026-07-12 08:05:10";"2026-07-13 02:30:00";"已签收";"2026-07-15 16:21:07";"2026-07-12 23:11:02";"14.92";"USD";"Новый HONOR CHOICE Earbuds X8 Black";"4606445118";"EHEX8EBL";"不";"不";"14.92";"USD";"1330.48";"RUB";"1";;;;"14.92";"0%";"0.00";;"1.2"
"07097465-0213";"07097465-0213-1";"2026-07-10 14:42:33";"2026-07-11 13:30:00";"已签收";"2026-07-13 15:57:30";"2026-07-11 13:00:23";"315.58";"USD";"Новый EU realme 15 Pro 12/512GB Green";"2963848320";"MR15P5GGE12512GN";"不";"不";"315.58";"USD";"29085.00";"RUB";"1";;;;"315.58";"0%";"0.00";;"1.0"
"32379907-0193";"32379907-0193-1";"2026-07-10 09:16:55";"2026-07-11 02:00:00";"已签收";"2026-07-11 15:58:00";"2026-07-10 13:47:05";"225.83";"USD";"Новый Garmin Edge 540 велокомпьютер с GPS(Standard Edition) 010-02694-04";"2918882869";"WGMED540ECBL";"不";"不";"225.83";"USD";"16780.00";"RUB";"1";;;;"225.83";"0%";"0.00";;"0.4"
"30147573-0128";"30147573-0128-5";"2026-07-09 08:54:13";"2026-07-10 08:30:00";"已签收";"2026-07-12 13:49:05";"2026-07-09 21:38:33";"41.80";"USD";"Новый realme Buds Clip Black";"3035719193";"ERBCLIPGBL";"不";"不";"41.80";"USD";"3617.14";"RUB";"1";;;;"41.80";"0%";"0.00";;"0.2"
"21278272-0528";"21278272-0528-1";"2026-07-09 06:10:49";"2026-07-10 02:00:00";"已签收";"2026-07-12 16:01:44";"2026-07-09 11:32:06";"32.38";"USD";"Новый realme Watch 5 Black";"2753569462";"WRW5GBL";"不";"不";"32.38";"USD";"2828.50";"RUB";"1";;;;"32.38";"0%";"0.00";;"0.4"
"38746508-0681";"38746508-0681-1";"2026-07-06 01:43:03";"2026-07-06 06:00:00";"已签收";"2026-07-10 16:39:20";"2026-07-06 06:24:37";"313.12";"USD";"Новый EU realme 15 Pro 12/512GB Silver";"2963849512";"MR15P5GGE12512SR";"不";"不";"313.12";"USD";"26146.00";"RUB";"1";;;;"313.12";"0%";"0.00";;"1.1"
"70381853-0281";"70381853-0281-1";"2026-07-05 10:36:33";"2026-07-06 06:00:00";"已取消";;"2026-07-06 06:20:22";"196.73";"USD";"Новый HUAWEI Watch FIT 5 Pro Black";"4448902531";"WWFIT5PGBL";"不";"不";"196.73";"USD";"16042.50";"RUB";"1";;;;"196.73";"0%";"0.00";;"0.3"
"60428187-0080";"60428187-0080-1";"2026-07-05 09:56:35";"2026-07-05 21:30:00";"已签收";"2026-07-09 08:49:40";"2026-07-05 21:11:30";"188.53";"USD";"Новый Garmin Forerunner 165 Black";"1971827174";"WGMF165K46BL";"不";"不";"188.53";"USD";"15643.00";"RUB";"1";;;;"188.53";"0%";"0.00";;"0.2"
"0143881267-0328";"0143881267-0328-1";"2026-07-05 08:50:13";"2026-07-06 06:00:00";"已签收";"2026-07-07 13:21:42";"2026-07-05 20:09:36";"198.37";"USD";"Новый realme C85 Pro 8/256GB Green";"3075834010";"MRC85P4GR8256GN";"不";"不";"198.37";"USD";"16472.00";"RUB";"1";;;;"198.37";"0%";"0.00";;"0.6"
"0107633724-0096";"0107633724-0096-1";"2026-07-05 08:03:16";"2026-07-05 17:00:00";"已签收";"2026-07-06 16:59:45";"2026-07-05 15:42:27";"290.99";"USD";"Новый realme Pad 3 5G 8/256GB Grey";"4272301876";"DRPD35GGE8256GR";"不";"不";"290.99";"USD";"23992.50";"RUB";"1";;;;"290.99";"0%";"0.00";;"0.8"
"03828437-1612";"03828437-1612-3";"2026-07-03 20:35:12";"2026-07-04 02:30:00";"已签收";"2026-07-06 15:35:27";"2026-07-04 04:45:00";"143.45";"USD";"Новый HUAWEI FreeClip 2 Black";"3668254141";"EWFC2GBL";"不";"不";"143.45";"USD";"10531.00";"RUB";"1";;;;"143.45";"0%";"0.00";;"0.2"
"51628645-0090";"51628645-0090-1";"2026-07-03 11:41:52";"2026-07-04 11:00:00";"已签收";"2026-07-10 15:54:23";"2026-07-04 04:25:37";"62.30";"USD";"Новый realme Watch S5 Grey";"4015703689";"WRWAHS5EGR";"不";"不";"62.30";"USD";"4943.81";"RUB";"1";;;;"62.30";"0%";"0.00";;"0.2"
"39308464-0496";"39308464-0496-1";"2026-07-03 11:03:17";"2026-07-04 02:00:00";"已签收";"2026-07-04 17:56:06";"2026-07-03 16:16:48";"41.80";"USD";"Новый realme Buds Clip Gold";"3035719507";"ERBCLIPGGD";"不";"不";"41.80";"USD";"3592.38";"RUB";"1";;;;"41.80";"0%";"0.00";;"0.2"
"09351250-0086";"09351250-0086-1";"2026-07-03 08:04:43";"2026-07-04 00:30:00";"已签收";"2026-07-05 17:03:11";"2026-07-03 16:34:40";"209.02";"USD";"Новый HUAWEI Watch FIT 5 Pro White";"4448907078";"WWFIT5PGWH";"不";"不";"209.02";"USD";"16955.50";"RUB";"1";;;;"209.02";"0%";"0.00";;"0.3"
"74899636-0290";"74899636-0290-1";"2026-07-03 07:43:39";"2026-07-04 08:00:00";"已签收";"2026-07-07 12:16:33";"2026-07-04 04:41:47";"62.30";"USD";"Новый realme Watch S5 Beige";"4015708408";"WRWAHS5RWH";"不";"不";"62.30";"USD";"4932.07";"RUB";"1";;;;"62.30";"0%";"0.00";;"0.4"
"12384162-0875";"12384162-0875-1";"2026-07-02 18:23:37";"2026-07-03 00:00:00";"已签收";"2026-07-03 14:16:51";"2026-07-03 00:23:37";"41.80";"USD";"Новый realme Buds Clip Gold";"3035719507";"ERBCLIPGGD";"不";"不";"41.80";"USD";"3807.73";"RUB";"1";;;;"41.80";"0%";"0.00";;"0.2"
"0124698906-0062";"0124698906-0062-1";"2026-07-02 15:05:44";"2026-07-03 15:00:00";"已签收";"2026-07-07 12:01:27";"2026-07-03 04:21:55";"168.04";"USD";"Новый Garmin Forerunner 255 Grey";"2029458188";"WGMF255CGR";"不";"不";"168.04";"USD";"13880.50";"RUB";"1";;;;"168.04";"0%";"0.00";;"0.5"
"77370508-0220";"77370508-0220-1";"2026-07-02 14:42:21";"2026-07-03 15:00:00";"已取消";;;"168.04";"USD";"Новый Garmin Forerunner 255 Grey";"2029458188";"WGMF255CGR";"不";"不";"168.04";"USD";"13893.00";"RUB";"1";;;;"168.04";"0%";"0.00";;"0.5"
"58733232-0163";"58733232-0163-1";"2026-07-02 09:18:55";"2026-07-03 00:00:00";"已签收";"2026-07-03 09:30:01";"2026-07-02 20:52:42";"310.67";"USD";"Новый SONY WH-1000XM6 Black";"3283313093";"ESYWXM6GBL";"不";"不";"310.67";"USD";"25226.50";"RUB";"1";;;;"310.67";"0%";"0.00";;"2.8"
"0215898234-0109";"0215898234-0109-1";"2026-06-30 18:38:23";"2026-07-01 14:30:00";"已取消";;"2026-07-01 16:21:23";"62.30";"USD";"Новый realme Watch S5 Grey";"4015703689";"WRWAHS5EGR";"不";"不";"62.30";"USD";"5164.00";"RUB";"1";;;;"62.30";"0%";"0.00";;"0.2"
"28162322-0549";"28162322-0549-1";"2026-06-30 13:18:53";"2026-07-01 12:30:00";"已签收";"2026-07-05 15:14:57";"2026-07-01 11:49:37";"434.44";"USD";"Новый realme 16 Pro+ 12/512GB Gold";"3395733278";"MR16PP5GR12512GD";"不";"不";"434.44";"USD";"36176.50";"RUB";"1";;;;"434.44";"0%";"0.00";;"1.3"
"02564355-0905";"02564355-0905-1";"2026-06-30 06:26:10";"2026-06-30 15:00:00";"已取消";;;"310.67";"USD";"Новый SONY WH-1000XM6 Black";"3283313093";"ESYWXM6GBL";"不";"不";"310.67";"USD";"25073.00";"RUB";"1";;;;"310.67";"0%";"0.00";;"2.8"
"0209326188-0191";"0209326188-0191-1";"2026-06-28 17:55:08";"2026-06-29 09:30:00";"已取消";;;"204.93";"USD";"Новый HUAWEI Watch FIT 5 Pro Black";"4448902531";"WWFIT5PGBL";"不";"不";"204.93";"USD";"16789.00";"RUB";"1";;;;"204.93";"0%";"0.00";;"0.3"
"0145216252-0018";"0145216252-0018-1";"2026-06-28 14:44:22";;"已签收";"2026-07-05 06:26:26";"2026-06-29 07:54:34";"41.80";"USD";"Новый realme Buds Clip Gold";"3035719507";"ERBCLIPGGD";"不";"不";"41.80";"USD";"3602.84";"RUB";"1";;;;"41.80";"0%";"0.00";;"0.2"
"23275276-0482";"23275276-0482-1";"2026-06-28 01:34:32";"2026-06-28 10:00:00";"已签收";"2026-07-01 12:43:03";"2026-06-28 10:35:09";"151.65";"USD";"Новый HUAWEI Watch FIT 4 Pro Black";"3071371352";"WWFIT4PGBL";"不";"不";"151.65";"USD";"12359.00";"RUB";"1";;;;"151.65";"0%";"0.00";;"0.3"
"0149775160-3112";"0149775160-3112-1";"2026-06-27 08:20:27";"2026-06-27 23:00:00";"已签收";"2026-06-29 07:11:18";"2026-06-27 19:44:16";"47.54";"USD";"Новый realme Buds Air7 Pro Green";"2087404991";"ERAIR7PGGN";"不";"不";"47.54";"USD";"4162.86";"RUB";"1";;;;"47.54";"0%";"0.00";;"0.3"
"0132710006-0164";"0132710006-0164-1";"2026-06-27 04:46:19";"2026-06-27 12:30:00";"已签收";"2026-06-29 17:48:29";"2026-06-27 14:48:19";"116.40";"USD";"Новый DJI Osmo Mobile 8 Продвинутый набор для отслеживания; 360-градусный стабилизатор для телефона; Встроенный штатив; Apple DockKit; ActiveTrack 8.0; Батарея емкостью 3350 мАч";"3966536459";"PTDJOM8TKCBL";"不";"不";"116.40";"USD";"8178.00";"RUB";"1";;;;"116.40";"0%";"0.00";;"0.5"
"28337506-0774";"28337506-0774-1";"2026-06-24 21:56:45";"2026-06-25 14:30:00";"已签收";"2026-07-04 13:11:15";"2026-06-25 10:10:51";"41.80";"USD";"Новый realme Buds Clip Black";"3035719193";"ERBCLIPGBL";"不";"不";"41.80";"USD";"3488.57";"RUB";"1";;;;"41.80";"0%";"0.00";;"0.2"
"04390649-0069";"04390649-0069-1";"2026-06-24 14:39:03";"2026-06-25 17:00:00";"已签收";"2026-06-29 17:45:07";"2026-06-25 11:33:28";"116.40";"USD";"Новый DJI Osmo Mobile 8 Продвинутый набор для отслеживания; 360-градусный стабилизатор для телефона; Встроенный штатив; Apple DockKit; ActiveTrack 8.0; Батарея емкостью 3350 мАч";"3966536459";"PTDJOM8TKCBL";"不";"不";"116.40";"USD";"7937.00";"RUB";"1";;;;"116.40";"0%";"0.00";;"0.5"
"02304189-0626";"02304189-0626-1";"2026-06-24 10:39:22";"2026-06-25 08:30:00";"已签收";"2026-06-27 11:43:16";"2026-06-25 02:58:47";"151.64";"USD";"Новый HUAWEI FreeClip 2 White";"3668262305";"EWFC2GWH";"不";"不";"151.64";"USD";"10851.00";"RUB";"1";;;;"151.64";"0%";"0.00";;"0.2"
"13053521-0246";"13053521-0246-1";"2026-06-24 10:31:46";"2026-06-25 07:00:00";"已签收";"2026-06-28 12:43:50";"2026-06-24 19:40:37";"192.63";"USD";"Новый Garmin Forerunner 165 Black";"1971827174";"WGMF165K46BL";"不";"不";"192.63";"USD";"15405.00";"RUB";"1";;;;"192.63";"0%";"0.00";;"0.2"
"63244907-0146";"63244907-0146-1";"2026-06-24 02:28:28";"2026-06-24 09:30:00";"已签收";"2026-07-01 13:30:13";"2026-06-24 09:06:46";"32.38";"USD";"Новый realme Watch 5 Black";"2753569462";"WRW5GBL";"不";"不";"32.38";"USD";"2820.95";"RUB";"1";;;;"32.38";"0%";"0.00";;"0.4"
"09631681-0104";"09631681-0104-2";"2026-06-23 14:41:32";"2026-06-24 11:30:00";"已签收";"2026-06-27 11:15:17";"2026-06-24 06:02:31";"62.30";"USD";"Новый realme Buds Air8 Pro White";"3573961955";"ERBAIR8PEWH";"不";"不";"62.30";"USD";"4562.47";"RUB";"1";;;;"62.30";"0%";"0.00";;"0.2"
"0155223303-0018";"0155223303-0018-1";"2026-06-23 02:13:20";"2026-06-23 09:00:00";"已签收";"2026-06-29 09:44:10";"2026-06-23 09:49:42";"110.66";"USD";"Новый HUAWEI FreeBuds Pro 4 White";"1816788351";"EWFBP4KWH";"不";"不";"110.66";"USD";"8280.00";"RUB";"1";;;;"110.66";"0%";"0.00";;"0.2"
"87174805-0108";"87174805-0108-1";"2026-06-22 09:43:55";"2026-06-23 13:00:00";"已签收";"2026-07-04 02:31:23";"2026-06-23 06:30:21";"41.80";"USD";"Новый realme Buds Clip Gold";"3035719507";"ERBCLIPGGD";"不";"不";"41.80";"USD";"3396.67";"RUB";"1";;;;"41.80";"0%";"0.00";;"0.2"
"73718736-1071";"73718736-1071-1";"2026-06-22 05:37:59";"2026-06-22 18:30:00";"已签收";"2026-06-30 17:06:15";"2026-06-22 14:42:04";"41.80";"USD";"Новый realme Buds Clip Black";"3035719193";"ERBCLIPGBL";"不";"不";"41.80";"USD";"3388.63";"RUB";"1";;;;"41.80";"0%";"0.00";;"0.2"
"49333087-0181";"49333087-0181-1";"2026-06-22 00:58:11";"2026-06-22 23:00:00";"已签收";"2026-06-25 01:24:41";"2026-06-22 06:10:31";"38.53";"USD";"Новый realme Buds Air8 Grey";"3076167903";"ERBAIR8GGR";"不";"不";"38.53";"USD";"3165.80";"RUB";"1";;;;"38.53";"0%";"0.00";;"0.2"
"0225373190-0127";"0225373190-0127-2";"2026-06-21 08:02:57";"2026-06-22 09:30:00";"已签收";"2026-06-25 06:28:34";"2026-06-22 09:37:59";"47.54";"USD";"Новый realme Buds Air7 Pro Green";"2087404991";"ERAIR7PGGN";"不";"不";"47.54";"USD";"3906.89";"RUB";"1";;;;"47.54";"0%";"0.00";;"0.3"
"0140310136-0055";"0140310136-0055-1";"2026-06-20 19:31:05";"2026-06-21 08:00:00";"已签收";"2026-06-27 11:54:53";"2026-06-21 04:16:44";"105.74";"USD";"Новый HUAWEI FreeBuds Pro 4 White";"1816788351";"EWFBP4KWH";"不";"不";"105.74";"USD";"7865.00";"RUB";"1";;;;"111.74";"5%";"6.00";"Эластичный бустинг. Без ограничения срока действия";"0.2"
"41690948-0171";"41690948-0171-1";"2026-06-19 03:58:36";"2026-06-19 10:00:00";"已签收";"2026-06-24 15:13:16";"2026-06-19 10:49:04";"221.32";"USD";"Новый Garmin Edge 540 велокомпьютер с GPS(Standard Edition) 010-02694-04";"2918882869";"WGMED540ECBL";"不";"不";"221.32";"USD";"15656.00";"RUB";"1";;;;"221.32";"0%";"0.00";;"0.4"
"18763605-0396";"18763605-0396-1";"2026-06-18 19:50:19";"2026-06-19 05:00:00";"已签收";"2026-06-20 17:37:20";"2026-06-19 05:41:22";"62.30";"USD";"Новый realme Buds Air8 Pro Black";"3573978810";"ERBAIR8PEBL";"不";"不";"62.30";"USD";"4481.00";"RUB";"1";;;;"62.30";"0%";"0.00";;"0.2"
"84004448-0085";"84004448-0085-1";"2026-06-18 15:48:15";"2026-06-19 00:30:00";"已签收";"2026-06-20 10:36:33";"2026-06-19 00:50:32";"33.61";"USD";"Новый Xiaomi Smart Band 10 Black";"2488136219";"BXB10GBL";"不";"不";"33.61";"USD";"2725.47";"RUB";"1";;;;"33.61";"0%";"0.00";;"0.1"
"0194006651-0039";"0194006651-0039-1";"2026-06-18 09:23:26";"2026-06-19 11:00:00";"已签收";"2026-06-24 16:51:44";"2026-06-19 04:50:09";"151.64";"USD";"Новый HUAWEI Watch FIT 4 Pro Black";"3071371352";"WWFIT4PGBL";"不";"不";"151.64";"USD";"11525.00";"RUB";"1";;;;"151.64";"0%";"0.00";;"0.3"
"19334150-0063";"19334150-0063-1";"2026-06-18 02:32:34";"2026-06-18 11:00:00";"已签收";"2026-06-21 18:30:00";"2026-06-18 11:10:55";"62.30";"USD";"Новый realme Buds Air8 Pro Black";"3573978810";"ERBAIR8PEBL";"不";"不";"62.30";"USD";"4491.50";"RUB";"1";;;;"62.30";"0%";"0.00";;"0.2"
"57139242-0215";"57139242-0215-1";"2026-06-17 19:48:26";"2026-06-18 10:30:00";"已签收";"2026-06-21 09:24:48";"2026-06-18 10:14:39";"32.38";"USD";"Новый realme Watch 5 Silver";"2753563860";"WRW5RSR";"不";"不";"32.38";"USD";"2727.62";"RUB";"1";;;;"32.38";"0%";"0.00";;"0.2"
"05714261-0754";"05714261-0754-1";"2026-06-17 12:28:43";"2026-06-18 00:30:00";"已签收";"2026-06-22 10:06:30";"2026-06-17 20:37:52";"315.58";"USD";"Новый EU realme 15 Pro 12/512GB Green";"2963848320";"MR15P5GGE12512GN";"不";"不";"315.58";"USD";"24150.50";"RUB";"1";;;;"315.58";"0%";"0.00";;"1.0"
"10698624-0195";"10698624-0195-1";"2026-06-17 09:44:56";"2026-06-18 00:30:00";"已签收";"2026-06-22 11:11:13";"2026-06-18 00:41:27";"188.53";"USD";"Новый Garmin Forerunner 165 White";"1971826756";"WGMF165K46WH";"不";"不";"188.53";"USD";"14573.00";"RUB";"1";;;;"188.53";"0%";"0.00";;"0.2"
"30121120-0766";"30121120-0766-1";"2026-06-17 09:09:45";"2026-06-18 13:30:00";"已签收";"2026-06-21 05:04:42";"2026-06-17 14:13:47";"168.04";"USD";"Новый Garmin Forerunner 255 Grey";"2029458188";"WGMF255CGR";"不";"不";"168.04";"USD";"12962.00";"RUB";"1";;;;"168.04";"0%";"0.00";;"0.5"
"60537631-0264";"60537631-0264-1";"2026-06-17 06:15:32";"2026-06-21 12:30:00";"已签收";"2026-06-27 16:36:53";"2026-06-19 16:08:22";"217.22";"USD";"Новый HUAWEI WATCH GT 6 Pro 46mm Black Fluoroelastomer Strap";"3025825907";"WWGT6PG46BL";"不";"不";"217.22";"USD";"16924.00";"RUB";"1";;;;"217.22";"0%";"0.00";;"0.6"
"29542618-0268";"29542618-0268-1";"2026-06-16 21:23:38";"2026-06-17 10:00:00";"已取消";;;"168.04";"USD";"Новый Garmin Forerunner 255 Grey";"2029458188";"WGMF255CGR";"不";"不";"168.04";"USD";"12962.00";"RUB";"1";;;;"168.04";"0%";"0.00";;"0.5"
"29542618-0267";"29542618-0267-1";"2026-06-16 21:13:52";"2026-06-17 10:00:00";"已取消";;;"168.04";"USD";"Новый Garmin Forerunner 255 Grey";"2029458188";"WGMF255CGR";"不";"不";"168.04";"USD";"12962.00";"RUB";"1";;;;"168.04";"0%";"0.00";;"0.5"
"29542618-0266";"29542618-0266-1";"2026-06-16 21:04:49";"2026-06-17 10:00:00";"已取消";;;"168.04";"USD";"Новый Garmin Forerunner 255 Grey";"2029458188";"WGMF255CGR";"不";"不";"168.04";"USD";"12962.00";"RUB";"1";;;;"168.04";"0%";"0.00";;"0.5"
"29542618-0265";"29542618-0265-1";"2026-06-16 20:59:03";"2026-06-17 10:00:00";"已取消";;;"168.04";"USD";"Новый Garmin Forerunner 255 Grey";"2029458188";"WGMF255CGR";"不";"不";"168.04";"USD";"13572.00";"RUB";"1";;;;"168.04";"0%";"0.00";;"0.5"
"0198645245-0377";"0198645245-0377-1";"2026-06-16 19:06:25";"2026-06-17 02:00:00";"已取消";;;"168.04";"USD";"Новый Garmin Forerunner 255 Grey";"2029458188";"WGMF255CGR";"不";"不";"168.04";"USD";"13019.00";"RUB";"1";;;;"168.04";"0%";"0.00";;"0.5"
"31810536-0519";"31810536-0519-3";"2026-06-15 16:41:19";"2026-06-16 10:30:00";"已签收";"2026-06-18 14:53:30";"2026-06-16 09:14:41";"184.43";"USD";"Новый realme C85 Pro 8/256GB Green";"3075834010";"MRC85P4GR8256GN";"不";"不";"184.43";"USD";"14204.00";"RUB";"1";;;;"184.43";"0%";"0.00";;"0.6"
"45270994-0183";"45270994-0183-1";"2026-06-15 15:24:28";"2026-06-16 03:30:00";"已签收";"2026-06-18 07:28:55";"2026-06-16 03:29:37";"110.66";"USD";"Новый HUAWEI FreeBuds Pro 4 White";"1816788351";"EWFBP4KWH";"不";"不";"110.66";"USD";"8176.50";"RUB";"1";;;;"110.66";"0%";"0.00";;"0.2"
"56065727-0131";"56065727-0131-1";"2026-06-15 09:56:12";;"已取消";;"2026-06-15 19:25:47";"168.04";"USD";"Новый Garmin Forerunner 255 Grey";"2029458188";"WGMF255CGR";"不";"不";"168.04";"USD";"13010.00";"RUB";"1";;;;"168.04";"0%";"0.00";;"0.5"
"30581279-0252";"30581279-0252-1";"2026-06-13 20:08:18";"2026-06-14 00:30:00";"已签收";"2026-06-15 17:27:21";"2026-06-14 00:07:09";"213.12";"USD";"Новый HUAWEI WATCH GT 6 Pro 46mm Black Fluoroelastomer Strap";"3025825907";"WWGT6PG46BL";"不";"不";"213.12";"USD";"16554.50";"RUB";"1";;;;"213.12";"0%";"0.00";;"0.6"
"15731801-1499";"15731801-1499-1";"2026-06-13 19:17:42";"2026-06-14 11:00:00";"已取消";;;"151.64";"USD";"Новый HUAWEI Watch FIT 4 Pro Black";"3071371352";"WWFIT4PGBL";"不";"不";"151.64";"USD";"11516.00";"RUB";"1";;;;"151.64";"0%";"0.00";;"0.3"
"0121618711-0015";"0121618711-0015-1";"2026-06-13 13:05:38";"2026-06-14 04:00:00";"已签收";"2026-06-15 16:29:30";"2026-06-14 01:00:30";"62.30";"USD";"Новый realme Buds Air8 Pro White";"3573961955";"ERBAIR8PEWH";"不";"不";"62.30";"USD";"4724.94";"RUB";"1";;;;"62.30";"0%";"0.00";;"0.2"
"60934702-0176";"60934702-0176-1";"2026-06-13 11:29:54";"2026-06-14 04:30:00";"已取消";;;"213.12";"USD";"Новый HUAWEI WATCH GT 6 Pro 46mm Black Fluoroelastomer Strap";"3025825907";"WWGT6PG46BL";"不";"不";"213.12";"USD";"16567.00";"RUB";"1";;;;"213.12";"0%";"0.00";;"0.6"
"23507725-0240";"23507725-0240-1";"2026-06-13 11:25:37";"2026-06-14 00:30:00";"已签收";"2026-06-16 18:14:09";"2026-06-13 23:15:46";"49.18";"USD";"Новый realme Buds Air7 Pro Red";"2029850324";"ERAIR7PGRD";"不";"不";"49.18";"USD";"3977.38";"RUB";"1";;;;"49.18";"0%";"0.00";;"0.2"
"31992194-0096";"31992194-0096-1";"2026-06-13 09:32:28";"2026-06-13 18:30:00";"已签收";"2026-06-14 13:16:14";"2026-06-13 19:38:31";"47.54";"USD";"Новый realme Buds Air7 Pro Green";"2087404991";"ERAIR7PGGN";"不";"不";"47.54";"USD";"3869.76";"RUB";"1";;;;"47.54";"0%";"0.00";;"0.3"
"0154473780-0150";"0154473780-0150-1";"2026-06-13 04:35:18";"2026-06-14 07:00:00";"已签收";"2026-06-17 07:28:17";"2026-06-14 07:28:07";"442.64";"USD";"Новый realme 16 Pro+ 12/512GB Gold";"3395733278";"MR16PP5GR12512GD";"不";"不";"442.64";"USD";"34678.00";"RUB";"1";;;;"442.64";"0%";"0.00";;"1.3"
"0211739891-0053";"0211739891-0053-1";"2026-06-12 13:02:11";"2026-06-13 08:00:00";"已签收";"2026-06-17 08:08:30";"2026-06-13 04:59:39";"147.55";"USD";"Новый HUAWEI FreeClip 2 Blue";"3668264174";"EWFC2GBU";"不";"不";"147.55";"USD";"10157.00";"RUB";"1";;;;"147.55";"0%";"0.00";;"0.2"
"0152681637-0307";"0152681637-0307-1";"2026-06-12 12:39:52";"2026-06-13 03:00:00";"已取消";;"2026-06-12 17:22:24";"168.04";"USD";"Новый Garmin Forerunner 255 Grey";"2029458188";"WGMF255CGR";"不";"不";"168.04";"USD";"12997.50";"RUB";"1";;;;"168.04";"0%";"0.00";;"0.5"
"47960305-2872";"47960305-2872-1";"2026-06-12 09:31:38";"2026-06-13 08:00:00";"已签收";"2026-06-30 09:05:56";"2026-06-13 03:53:07";"250.01";"USD";"Новый Garmin Vivoactive 6 White";"2442076463";"WGMVVAT6KWH";"不";"不";"250.01";"USD";"19478.00";"RUB";"1";;;;"250.01";"0%";"0.00";;"1.2"
"17959819-0500";"17959819-0500-1";"2026-06-11 18:34:52";"2026-06-12 00:30:00";"已签收";"2026-06-17 06:33:05";"2026-06-12 01:01:29";"151.64";"USD";"Новый HUAWEI Watch FIT 4 Pro Green";"3075997003";"WWFIT4PGGN";"不";"不";"151.64";"USD";"11340.00";"RUB";"1";;;;"151.64";"0%";"0.00";;"0.5"
"86270420-0787";"86270420-0787-1";"2026-06-11 08:28:19";"2026-06-12 00:30:00";"已签收";"2026-06-27 08:59:06";"2026-06-12 00:29:38";"315.59";"USD";"Новый EU realme 15 Pro 12/512GB Green";"2963848320";"MR15P5GGE12512GN";"不";"不";"315.59";"USD";"24008.00";"RUB";"1";;;;"315.59";"0%";"0.00";;"1.0"
"39466540-0209";"39466540-0209-1";"2026-06-11 04:36:30";"2026-06-11 12:30:00";"已签收";"2026-06-17 12:23:54";"2026-06-11 11:33:57";"62.30";"USD";"Новый realme Buds Air8 Pro Black";"3573978810";"ERBAIR8PEBL";"不";"不";"62.30";"USD";"4478.10";"RUB";"1";;;;"62.30";"0%";"0.00";;"0.2"
"64799943-0172";"64799943-0172-1";"2026-06-10 19:45:59";"2026-06-11 03:00:00";"已签收";"2026-06-15 10:09:30";"2026-06-11 01:57:24";"290.99";"USD";"Новый EU realme 15 Pro 12/256GB Silver";"2973157776";"MR15P5GGE12256SR";"不";"不";"290.99";"USD";"22208.00";"RUB";"1";;;;"290.99";"0%";"0.00";;"1.0"
"42590937-0354";"42590937-0354-1";"2026-06-10 13:44:32";"2026-06-11 17:00:00";"已签收";"2026-06-12 18:33:05";"2026-06-11 18:02:23";"41.80";"USD";"Новый realme Buds Clip Gold";"3035719507";"ERBCLIPGGD";"不";"不";"41.80";"USD";"3340.63";"RUB";"1";;;;"41.80";"0%";"0.00";;"0.2"
"06266489-1187";"06266489-1187-1";"2026-06-10 12:35:12";"2026-06-11 04:00:00";"已取消";;"2026-06-11 07:17:56";"110.66";"USD";"Новый HUAWEI FreeBuds Pro 4 White";"1816788351";"EWFBP4KWH";"不";"不";"110.66";"USD";"8096.00";"RUB";"1";;;;"110.66";"0%";"0.00";;"0.2"
"86270420-0765";"86270420-0765-1";"2026-06-10 08:38:17";"2026-06-11 14:30:00";"已取消";;"2026-06-10 18:00:16";"315.59";"USD";"Новый EU realme 15 Pro 12/512GB Green";"2963848320";"MR15P5GGE12512GN";"不";"不";"315.59";"USD";"24106.00";"RUB";"1";;;;"315.59";"0%";"0.00";;"1.0"
"0139621003-0142";"0139621003-0142-1";"2026-06-10 08:14:15";"2026-06-10 15:00:00";"已签收";"2026-06-14 12:37:52";"2026-06-10 15:31:33";"188.53";"USD";"Новый Garmin Forerunner 165 Black";"1971827174";"WGMF165K46BL";"不";"不";"188.53";"USD";"14466.00";"RUB";"1";;;;"188.53";"0%";"0.00";;"0.2"
"0103163172-0316";"0103163172-0316-1";"2026-06-10 05:15:38";"2026-06-10 12:30:00";"已签收";"2026-06-18 13:50:52";"2026-06-10 13:06:25";"168.04";"USD";"Новый Garmin Forerunner 255 Grey";"2029458188";"WGMF255CGR";"不";"不";"168.04";"USD";"12822.00";"RUB";"1";;;;"168.04";"0%";"0.00";;"0.5"
"86475950-0516";"86475950-0516-1";"2026-06-09 15:03:09";"2026-06-10 00:30:00";"已取消";;;"237.71";"USD";"Новый HUAWEI WATCH GT 6 Pro 46mm Black Fluoroelastomer Strap";"3025825907";"WWGT6PG46BL";"不";"不";"237.71";"USD";"18560.00";"RUB";"1";;;;"237.71";"0%";"0.00";;"0.6"
"50651357-0331";"50651357-0331-1";"2026-06-09 13:37:54";"2026-06-10 05:00:00";"已签收";"2026-06-12 07:13:09";"2026-06-10 02:57:23";"151.64";"USD";"Новый HUAWEI Watch FIT 4 Pro Blue";"3075996223";"WWFIT4PGBU";"不";"不";"151.64";"USD";"11545.00";"RUB";"1";;;;"151.64";"0%";"0.00";;"1.0"
"23870985-0461";"23870985-0461-1";"2026-06-09 06:17:08";"2026-06-10 00:30:00";"已签收";"2026-06-11 14:47:20";"2026-06-09 12:45:50";"62.30";"USD";"Новый realme Watch S5 Beige";"4015708408";"WRWAHS5RWH";"不";"不";"62.30";"USD";"4610.85";"RUB";"1";;;;"62.30";"0%";"0.00";;"0.4"
"28106111-0823";"28106111-0823-1";"2026-06-09 06:06:23";"2026-06-10 08:30:00";"已签收";"2026-06-14 15:00:12";"2026-06-10 04:41:54";"41.80";"USD";"Новый realme Buds Clip Black";"3035719193";"ERBCLIPGBL";"不";"不";"41.80";"USD";"3391.43";"RUB";"1";;;;"41.80";"0%";"0.00";;"0.2"
"0133611896-0021";"0133611896-0021-1";"2026-06-09 03:41:59";"2026-06-09 17:30:00";"已签收";"2026-06-10 14:36:19";"2026-06-09 12:05:35";"237.71";"USD";"Новый HUAWEI WATCH GT 6 Pro 46mm Black Fluoroelastomer Strap";"3025825907";"WWGT6PG46BL";"不";"不";"237.71";"USD";"18560.00";"RUB";"1";;;;"237.71";"0%";"0.00";;"0.6"
"18137952-0112";"18137952-0112-1";"2026-06-08 07:25:04";"2026-06-08 20:00:00";"已签收";"2026-06-11 13:22:47";"2026-06-08 18:25:48";"188.53";"USD";"Новый Garmin Forerunner 165 Black";"1971827174";"WGMF165K46BL";"不";"不";"188.53";"USD";"14765.50";"RUB";"1";;;;"188.53";"0%";"0.00";;"0.2"
"03802323-0131";"03802323-0131-1";"2026-06-07 20:21:09";"2026-06-09 09:30:00";"已签收";"2026-06-11 13:46:22";"2026-06-08 10:11:32";"188.53";"USD";"Новый Garmin Forerunner 165 White";"1971826756";"WGMF165K46WH";"不";"不";"188.53";"USD";"14778.00";"RUB";"1";;;;"188.53";"0%";"0.00";;"0.2"
"0206844374-0348";"0206844374-0348-1";"2026-06-06 14:40:59";"2026-06-07 00:30:00";"已签收";"2026-06-11 11:01:03";"2026-06-06 23:53:51";"315.58";"USD";"Новый EU realme 15 Pro 12/512GB Green";"2963848320";"MR15P5GGE12512GN";"不";"不";"315.58";"USD";"24565.00";"RUB";"1";;;;"315.58";"0%";"0.00";;"1.0"
"0171733261-0054";"0171733261-0054-1";"2026-06-06 12:09:10";"2026-06-07 04:30:00";"已签收";"2026-06-09 14:31:48";"2026-06-07 02:26:26";"38.53";"USD";"Новый realme Buds Air8 Grey";"3076167903";"ERBAIR8GGR";"不";"不";"38.53";"USD";"3176.19";"RUB";"1";;;;"38.53";"0%";"0.00";;"0.2"
"0208937150-0215";"0208937150-0215-1";"2026-06-05 20:35:23";"2026-06-06 11:00:00";"已签收";"2026-06-08 15:45:33";"2026-06-06 11:12:12";"38.12";"USD";"Новый realme Buds Air8 Purple";"3076061567";"ERBAIR8RPP";"不";"不";"38.12";"USD";"3201.90";"RUB";"1";;;;"38.12";"0%";"0.00";;"0.2"
"76706800-0249";"76706800-0249-1";"2026-06-05 02:00:06";"2026-06-05 08:00:00";"已签收";"2026-06-09 12:30:54";"2026-06-05 08:55:18";"62.30";"USD";"Новый realme Buds Air8 Pro Black";"3573978810";"ERBAIR8PEBL";"不";"不";"62.30";"USD";"4641.33";"RUB";"1";;;;"62.30";"0%";"0.00";;"0.2"
"87693459-0714";"87693459-0714-1";"2026-06-04 10:43:41";"2026-06-05 01:00:00";"已签收";"2026-06-05 14:39:08";"2026-06-04 22:59:59";"114.76";"USD";"Новый HUAWEI FreeBuds Pro 4 White";"1816788351";"EWFBP4KWH";"不";"不";"114.76";"USD";"8517.50";"RUB";"1";;;;"114.76";"0%";"0.00";;"0.2"
"18744334-0239";"18744334-0239-1";"2026-06-04 04:25:15";"2026-06-05 07:00:00";"已签收";"2026-06-07 15:01:02";"2026-06-04 18:15:08";"143.45";"USD";"Новый HUAWEI Watch FIT 4 Pro Blue";"3075996223";"WWFIT4PGBU";"不";"不";"143.45";"USD";"11048.00";"RUB";"1";;;;"143.45";"0%";"0.00";;"1.0"
"34191688-0365";"34191688-0365-1";"2026-06-02 10:33:31";"2026-06-03 10:00:00";"已签收";"2026-06-07 17:30:25";"2026-06-02 20:06:36";"114.76";"USD";"Новый HUAWEI FreeBuds Pro 4 White";"1816788351";"EWFBP4KWH";"不";"不";"114.76";"USD";"8271.00";"RUB";"1";;;;"114.76";"0%";"0.00";;"0.2"
"0128245813-0637";"0128245813-0637-1";"2026-06-01 18:47:21";"2026-06-02 01:00:00";"已签收";"2026-06-08 13:39:12";"2026-06-02 00:36:33";"38.12";"USD";"Новый realme Buds Air8 Purple";"3076061567";"ERBAIR8RPP";"不";"不";"38.12";"USD";"3049.52";"RUB";"1";;;;"38.12";"0%";"0.00";;"0.2"
"66947661-0217";"66947661-0217-1";"2026-06-01 12:23:24";"2026-06-02 01:00:00";"已签收";"2026-06-02 15:58:48";"2026-06-01 17:47:42";"114.76";"USD";"Новый HUAWEI FreeBuds Pro 4 White";"1816788351";"EWFBP4KWH";"不";"不";"114.76";"USD";"8122.50";"RUB";"1";;;;"114.76";"0%";"0.00";;"0.2"
"30432536-0468";"30432536-0468-1";"2026-06-01 08:57:19";"2026-06-02 07:00:00";"已签收";"2026-06-08 17:01:13";"2026-06-02 02:30:51";"196.73";"USD";"Новый Garmin Forerunner 165 White";"1971826756";"WGMF165K46WH";"不";"不";"196.73";"USD";"15418.00";"RUB";"1";;;;"196.73";"0%";"0.00";;"0.2"
"0134049215-0041";"0134049215-0041-1";"2026-06-01 07:31:33";"2026-06-01 12:30:00";"已签收";"2026-06-05 09:26:52";"2026-06-01 12:03:50";"143.45";"USD";"Новый HUAWEI Watch FIT 4 Pro Black";"3071371352";"WWFIT4PGBL";"不";"不";"143.45";"USD";"10544.00";"RUB";"1";;;;"143.45";"0%";"0.00";;"0.3"
"31164171-0344";"31164171-0344-1";"2026-05-31 16:53:59";"2026-06-01 00:00:00";"已签收";"2026-06-01 15:43:14";"2026-05-31 21:56:31";"151.64";"USD";"Новый HUAWEI FreeClip 2 Black";"3668254141";"EWFC2GBL";"不";"不";"151.64";"USD";"9954.00";"RUB";"1";;;;"161.64";"6%";"10.00";"Эластичный бустинг. Без ограничения срока действия";"0.2"
"49344264-0055";"49344264-0055-1";"2026-05-31 16:17:55";"2026-06-01 00:00:00";"已签收";"2026-06-02 12:20:12";"2026-06-01 00:28:05";"40.98";"USD";"Новый Nokia 235 blue - NO Keyboard";"1596505299";"MN2354GBUHESEU";"不";"不";"40.98";"USD";"4297.14";"RUB";"1";;;;"40.98";"0%";"0.00";;"0.3"
"0175033722-0088";"0175033722-0088-1";"2026-05-30 15:07:16";"2026-05-31 13:30:00";"已签收";"2026-06-15 03:57:01";"2026-05-31 12:43:44";"245.91";"USD";"Новый HUAWEI WATCH GT 6 Pro 46mm Black Fluoroelastomer Strap";"3025825907";"WWGT6PG46BL";"不";"不";"245.91";"USD";"19183.00";"RUB";"1";;;;"245.91";"0%";"0.00";;"0.6"
"15670664-0589";"15670664-0589-1";"2026-05-29 10:03:52";"2026-05-29 15:00:00";"已签收";"2026-05-31 15:21:52";"2026-05-29 15:37:11";"62.30";"USD";"Новый realme Buds Air8 Pro Black";"3573961824";"ERBAIR8PEBL-1";"不";"不";"62.30";"USD";"4400.57";"RUB";"1";;;;"62.30";"0%";"0.00";;"0.2"
"66437987-0137";"66437987-0137-2";"2026-05-28 04:05:28";"2026-05-31 10:00:00";"已取消";;;"114.76";"USD";"Новый HUAWEI FreeBuds Pro 4 White";"1816788351";"EWFBP4KWH";"不";"不";"114.76";"USD";"8214.00";"RUB";"1";;;;"114.76";"0%";"0.00";;"0.2"
"0121590279-0361";"0121590279-0361-1";"2026-05-26 13:28:32";"2026-05-27 11:00:00";"已签收";"2026-06-09 07:05:13";"2026-05-26 22:05:40";"151.64";"USD";"Новый HUAWEI FreeClip 2 Black";"3668254141";"EWFC2GBL";"不";"不";"151.64";"USD";"11089.00";"RUB";"1";;;;"161.64";"6%";"10.00";"Эластичный бустинг. Без ограничения срока действия";"0.2"
"0114005299-0008";"0114005299-0008-1";"2026-05-26 12:16:30";"2026-05-27 07:00:00";"已取消";;"2026-05-27 03:29:46";"163.12";"USD";"Новый HUAWEI WATCH GT 6 46mm Black Fluoroelastomer Strap";"3075996858";"WWGT6G46BL";"不";"不";"163.12";"USD";"12156.00";"RUB";"1";;;;"163.12";"0%";"0.00";;"0.4"
"0204061514-0064";"0204061514-0064-1";"2026-05-26 10:20:04";"2026-05-27 11:00:00";"已取消";;"2026-05-26 22:10:49";"151.64";"USD";"Новый HUAWEI FreeClip 2 Black";"3668254141";"EWFC2GBL";"不";"不";"151.64";"USD";"10219.00";"RUB";"1";;;;"161.64";"6%";"10.00";"Эластичный бустинг. Без ограничения срока действия";"0.2"
"0162560850-0241";"0162560850-0241-1";"2026-05-26 09:36:41";"2026-05-27 02:00:00";"已取消";;;"151.64";"USD";"Новый HUAWEI FreeClip 2 Black";"3668254141";"EWFC2GBL";"不";"不";"151.64";"USD";"11039.50";"RUB";"1";;;;"161.64";"6%";"10.00";"Эластичный бустинг. Без ограничения срока действия";"0.2"
"45597414-0028";"45597414-0028-1";"2026-05-23 19:55:24";"2026-05-24 00:00:00";"已取消";;"2026-05-24 00:25:14";"40.98";"USD";"Новый Nokia 235 blue - NO Keyboard";"1596505299";"MN2354GBUHESEU";"不";"不";"40.98";"USD";"3261.61";"RUB";"1";;;;"40.98";"0%";"0.00";;"0.3"
"40964845-0448";"40964845-0448-1";"2026-05-21 13:47:59";"2026-05-22 14:30:00";"已签收";"2026-05-28 15:45:29";"2026-05-22 13:56:01";"180.33";"USD";"Новый Garmin Forerunner 165 White";"1971826756";"WGMF165K46WH";"不";"不";"180.33";"USD";"13532.00";"RUB";"1";;;;"180.33";"0%";"0.00";;"0.2"
